<?xml version="1.0"?>
<gconf>
        <entry name="DrawMouseLine" mtime="1167736358" type="bool" value="true">
        </entry>
        <entry name="DrawMouse" mtime="1167736358" type="bool" value="false">
        </entry>
        <entry name="ShowSpeedSlider" mtime="1167736358" type="bool" value="true">
        </entry>
        <entry name="StartOnLeft" mtime="1167736358" type="bool" value="true">
        </entry>
        <entry name="StartOnSpace" mtime="1167736358" type="bool" value="false">
        </entry>
        <entry name="StartOnStylus" mtime="1167736358" type="bool" value="false">
        </entry>
        <entry name="StopOnIdle" mtime="1167736358" type="bool" value="false">
        </entry>
        <entry name="KeyControl" mtime="1167736358" type="bool" value="false">
        </entry>
        <entry name="ControlMode" mtime="1167736358" type="bool" value="false">
        </entry>
        <entry name="ColourMode" mtime="1167736358" type="bool" value="true">
        </entry>
        <entry name="StartOnMousePosition" mtime="1167736358" type="bool" value="false">
        </entry>
        <entry name="OutlineBoxes" mtime="1167736358" type="bool" value="true">
        </entry>
        <entry name="PaletteChange" mtime="1167736358" type="bool" value="true">
        </entry>
        <entry name="Autocalibrate" mtime="1167736358" type="bool" value="true">
        </entry>
        <entry name="GameMode" mtime="1167736358" type="bool" value="false">
        </entry>
        <entry name="Dictionary" mtime="1167736358" type="bool" value="true">
        </entry>
        <entry name="LetterExclusion" mtime="1167736358" type="bool" value="true">
        </entry>
        <entry name="AutoSpeedControl" mtime="1167736358" type="bool" value="true">
        </entry>
        <entry name="ClickMode" mtime="1167736358" type="bool" value="false">
        </entry>
        <entry name="LMAdaptive" mtime="1167736358" type="bool" value="true">
        </entry>
        <entry name="ButtonOneStaticMode" mtime="1167736358" type="bool" value="false">
        </entry>
        <entry name="ButtonOneDynamicMode" mtime="1167736358" type="bool" value="false">
        </entry>
        <entry name="ButtonMenuMode" mtime="1167736358" type="bool" value="false">
        </entry>
        <entry name="ButtonPulsingMode" mtime="1167736358" type="bool" value="false">
        </entry>
        <entry name="ButtonSteadyMode" mtime="1167736358" type="bool" value="true">
        </entry>
        <entry name="ButtonDirectMode" mtime="1167736358" type="bool" value="false">
        </entry>
        <entry name="ButtonFourDirectMode" mtime="1167736358" type="bool" value="false">
        </entry>
        <entry name="ButtonAlternatingDirectMode" mtime="1167736358" type="bool" value="true">
        </entry>
        <entry name="ButtonCompassMode" mtime="1167736358" type="bool" value="false">
        </entry>
        <entry name="SocketInputEnable" mtime="1167736358" type="bool" value="false">
        </entry>
        <entry name="SocketInputDebug" mtime="1167736358" type="bool" value="false">
        </entry>
        <entry name="OldStylePush" mtime="1167736358" type="bool" value="false">
        </entry>
        <entry name="CircleStart" mtime="1167736358" type="bool" value="false">
        </entry>
        <entry name="GlobalKeyboard" mtime="1167736358" type="bool" value="false">
        </entry>
        <entry name="PauseOutside" mtime="1167736358" type="bool" value="false">
        </entry>
        <entry name="BackoffButton" mtime="1167736358" type="bool" value="true">
        </entry>
        <entry name="ScreenOrientation" mtime="1167736358" type="int" value="-2">
        </entry>
        <entry name="ViewID" mtime="1167736358" type="int" value="1">
        </entry>
        <entry name="LanguageModelID" mtime="1167736358" type="int" value="0">
        </entry>
        <entry name="DasherFontSize" mtime="1167736358" type="int" value="2">
        </entry>
        <entry name="UniformTimes1000" mtime="1167736358" type="int" value="50">
        </entry>
        <entry name="YScaling" mtime="1167736358" type="int" value="0">
        </entry>
        <entry name="MousePositionBoxDistance" mtime="1167736358" type="int" value="50">
        </entry>
        <entry name="StopIdleTime" mtime="1167736358" type="int" value="1000">
        </entry>
        <entry name="Truncation" mtime="1167736358" type="int" value="0">
        </entry>
        <entry name="TruncationType" mtime="1167736358" type="int" value="0">
        </entry>
        <entry name="LMMaxOrder" mtime="1167736358" type="int" value="5">
        </entry>
        <entry name="LMExclusion" mtime="1167736358" type="int" value="0">
        </entry>
        <entry name="LMUpdateExclusion" mtime="1167736358" type="int" value="1">
        </entry>
        <entry name="LMAlpha" mtime="1167736358" type="int" value="49">
        </entry>
        <entry name="LMBeta" mtime="1167736358" type="int" value="77">
        </entry>
        <entry name="LMMixture" mtime="1167736358" type="int" value="50">
        </entry>
        <entry name="LineWidth" mtime="1167736358" type="int" value="1">
        </entry>
        <entry name="WordAlpha" mtime="1167736358" type="int" value="50">
        </entry>
        <entry name="UserLogLevelMask" mtime="1167736358" type="int" value="0">
        </entry>
        <entry name="Zoomsteps" mtime="1167736358" type="int" value="32">
        </entry>
        <entry name="ButtonMenuBoxes" mtime="1167736358" type="int" value="4">
        </entry>
        <entry name="ButtonMenuSafety" mtime="1167736358" type="int" value="25">
        </entry>
        <entry name="ButtonMenuBackwardsBox" mtime="1167736358" type="int" value="1">
        </entry>
        <entry name="ButtonModeNonuniformity" mtime="1167736358" type="int" value="0">
        </entry>
        <entry name="ButtonCompassModeRightZoom" mtime="1167736358" type="int" value="5120">
        </entry>
        <entry name="AutospeedSensitivity" mtime="1167736358" type="int" value="100">
        </entry>
        <entry name="SocketPort" mtime="1167736358" type="int" value="20320">
        </entry>
        <entry name="SocketInputXMinTimes1000" mtime="1167736358" type="int" value="0">
        </entry>
        <entry name="SocketInputXMaxTimes1000" mtime="1167736358" type="int" value="1000">
        </entry>
        <entry name="SocketInputYMinTimes1000" mtime="1167736358" type="int" value="0">
        </entry>
        <entry name="SocketInputYMaxTimes1000" mtime="1167736358" type="int" value="1000">
        </entry>
        <entry name="OX" mtime="1167736358" type="int" value="2048">
        </entry>
        <entry name="OY" mtime="1167736358" type="int" value="2048">
        </entry>
        <entry name="MaxY" mtime="1167736358" type="int" value="4096">
        </entry>
        <entry name="InputFilterID" mtime="1167736358" type="int" value="3">
        </entry>
        <entry name="CirclePercent" mtime="1167736358" type="int" value="10">
        </entry>
        <entry name="TwoButtonOffset" mtime="1167736358" type="int" value="1024">
        </entry>
        <entry name="HoldTime" mtime="1167736358" type="int" value="1000">
        </entry>
        <entry name="MultipressTime" mtime="1167736358" type="int" value="3000">
        </entry>
        <entry name="MultipressCount" mtime="1167736358" type="int" value="3">
        </entry>
        <entry name="Alphabet3" mtime="1167736358" type="string">
                <stringvalue></stringvalue>
        </entry>
        <entry name="Alphabet4" mtime="1167736358" type="string">
                <stringvalue></stringvalue>
        </entry>
        <entry name="SocketInputXLabel" mtime="1167736358" type="string">
                <stringvalue>x</stringvalue>
        </entry>
        <entry name="SocketInputYLabel" mtime="1167736358" type="string">
                <stringvalue>y</stringvalue>
        </entry>
        <entry name="InputDevice" mtime="1167736358" type="string">
                <stringvalue>Mouse Input</stringvalue>
        </entry>
        <entry name="DasherFont" mtime="1167736358" type="string">
                <stringvalue>Sans 10</stringvalue>
        </entry>
        <entry name="Action_Enter_Text" mtime="1167736358" type="int" value="3">
        </entry>
        <entry name="Action_Copy_All" mtime="1167736358" type="int" value="3">
        </entry>
        <entry name="Alphabet2" mtime="1167736358" type="string">
                <stringvalue>English with limited punctuation</stringvalue>
        </entry>
        <entry name="Alphabet1" mtime="1167736358" type="string">
                <stringvalue>Español / Spanish  (combining accents) with numerals and punctuation</stringvalue>
        </entry>
        <entry name="ColourID" mtime="1167736358" type="string">
                <stringvalue>Default</stringvalue>
        </entry>
        <entry name="AlphabetID" mtime="1167736358" type="string">
                <stringvalue>Español / Spanish with punctuation and numerals</stringvalue>
        </entry>
        <entry name="Dock" mtime="1167736358" type="bool" value="true">
        </entry>
        <entry name="MaxBitRateTimes100" mtime="1167736358" type="int" value="77">
        </entry>
        <entry name="ScreenHeight" mtime="1167736358" type="int" value="496">
        </entry>
        <entry name="InputFilter" mtime="1167736358" type="string">
                <stringvalue>Stylus Control</stringvalue>
        </entry>
</gconf>
