<?xml version="1.0"?>
<gconf>
        <entry name="double_click" mtime="1167736358" type="int" value="800">
        </entry>
        <entry name="cursor_theme" mtime="1167736358" type="string">
                <stringvalue>Human</stringvalue>
        </entry>
        <entry name="cursor_size" mtime="1167736358" type="int" value="24">
        </entry>
        <entry name="motion_acceleration" mtime="1167736358" type="float" value="0.66666662693023682">
        </entry>
        <entry name="motion_threshold" mtime="1167736358" type="int" value="1">
        </entry>
</gconf>
