<?xml version="1.0"?>
<!DOCTYPE wallpapers SYSTEM "gnome-wp-list.dtd">
<wallpapers>
  <wallpaper deleted="false">
    <name>Dawn Of Ubuntu</name>
    <filename>/usr/share/backgrounds/Ubuntu-DawnOfUbuntu_1600x1200.jpg</filename>
    <options>zoom</options>
    <shade_type>solid</shade_type>
    <pcolor>#604c1d</pcolor>
    <scolor>#604c1d</scolor>
  </wallpaper>
  <wallpaper deleted="false">
    <name>Simple Ubuntu</name>
    <filename>/usr/share/backgrounds/warty-final-ubuntu.png</filename>
    <options>zoom</options>
    <shade_type>solid</shade_type>
    <pcolor>#dab082</pcolor>
    <scolor>#dab082</scolor>
  </wallpaper>
  <wallpaper deleted="false">
    <name>Ubuntu Smooth Chocolate</name>
    <filename>/usr/share/backgrounds/ubuntu-smooth-chocolate.png</filename>
    <options>zoom</options>
    <shade_type>solid</shade_type>
    <pcolor>#2c160a</pcolor>
    <scolor>#2c160a</scolor>
  </wallpaper>
  <wallpaper deleted="false">
    <name>Sin tapiz</name>
    <filename>(none)</filename>
    <options>none</options>
    <shade_type>solid</shade_type>
    <pcolor>#000000</pcolor>
    <scolor>#4D75C6</scolor>
  </wallpaper>
  <wallpaper deleted="false">
    <name>guadalinex_v4_bg.jpg</name>
    <filename>/usr/share/backgrounds/guadalinex_v4_bg.jpg</filename>
    <options>stretched</options>
    <shade_type>solid</shade_type>
    <pcolor>#4D75C6</pcolor>
    <scolor>#4D75C6</scolor>
  </wallpaper>
</wallpapers>
