<?xml version="1.0"?>
<gconf>
        <entry name="color_shading_type" mtime="1166869154" type="string">
                <stringvalue>solid</stringvalue>
        </entry>
        <entry name="picture_filename" mtime="1166869154" type="string">
                <stringvalue></stringvalue>
        </entry>
        <entry name="picture_options" mtime="1166869154" type="string">
                <stringvalue>none</stringvalue>
        </entry>
        <entry name="secondary_color" mtime="1166869154" type="string">
                <stringvalue>#4D75C6</stringvalue>
        </entry>
        <entry name="primary_color" mtime="1166869154" type="string">
                <stringvalue>#000000</stringvalue>
        </entry>
</gconf>
